{
  "accuracy": 0.5020139855951364,
  "precision": 0.5020139855951364,
  "recall": 1.0,
  "f1_score": 0.6684544756701791,
  "roc_auc": 0.5,
  "best_val_loss": 0.6931391461713104,
  "confusion_matrix": [
    [
      0,
      33257
    ],
    [
      0,
      33526
    ]
  ]
}