{
  "accuracy": 0.501737317581654,
  "precision": 0.5204262877442274,
  "recall": 0.39594594594594595,
  "f1_score": 0.44973138910207217,
  "roc_auc": 0.5055484669218575,
  "best_val_loss": 0.696200864844852,
  "confusion_matrix": [
    [
      429,
      270
    ],
    [
      447,
      293
    ]
  ]
}